{
  "nodes": {
    "pdf-to-markdown#1": {
      "contentWidth": 456.2563288935522,
      "rfNode": {
        "position": {
          "x": 297.0329683172175,
          "y": 190.4745297942772
        }
      }
    },
    "markdown_file_preview#1": {
      "contentWidth": 450,
      "rfNode": {
        "position": {
          "x": 854.2057845155402,
          "y": 190.4745297942772
        }
      }
    }
  }
}