{
  "nodes": {
    "markdown_file_preview#1": {
      "contentWidth": 450,
      "rfNode": {
        "position": {
          "x": 865.7818030499404,
          "y": 233.609047928771
        }
      }
    },
    "pdf-to-markdown#2": {
      "contentWidth": 504.7690708742961,
      "rfNode": {
        "position": {
          "x": 285.9096598793763,
          "y": 198.8066916266431
        }
      }
    }
  }
}