{
  "nodes": {
    "generate_epub#1": {
      "contentWidth": 439.79738276655394,
      "rfNode": {
        "position": {
          "x": 1050.0177929854578,
          "y": -1840
        }
      }
    },
    "analyse_pdf#1": {
      "contentWidth": 568.5579413891246,
      "rfNode": {
        "position": {
          "x": 406,
          "y": -1840
        }
      }
    }
  }
}