{
  "nodes": {
    "analyse_pdf#2": {
      "contentWidth": 576.7409069546603,
      "rfNode": {
        "position": {
          "x": 507.7671644345411,
          "y": -2377.759864611054
        }
      }
    },
    "generate_epub#2": {
      "contentWidth": 442.08456650151334,
      "rfNode": {
        "position": {
          "x": 1177.487142382815,
          "y": -2291.1022613960404
        }
      }
    }
  }
}